{"stats":{"minecraft:mined":{"minecraft:grass_block":1,"minecraft:dirt":1},"minecraft:used":{"minecraft:dirt":2},"minecraft:picked_up":{"minecraft:dirt":2},"minecraft:custom":{"minecraft:jump":127,"minecraft:time_since_rest":1246,"minecraft:leave_game":1,"minecraft:damage_dealt":10,"minecraft:deaths":1,"minecraft:damage_taken":480,"minecraft:sprint_one_cm":27396,"minecraft:play_time":4098,"minecraft:walk_on_water_one_cm":508,"minecraft:time_since_death":1226,"minecraft:walk_one_cm":7864,"minecraft:sneak_time":6,"minecraft:total_world_time":4098,"minecraft:walk_under_water_one_cm":937,"minecraft:swim_one_cm":347,"minecraft:fall_one_cm":8031,"minecraft:fly_one_cm":24460}},"DataVersion":3120}